{
    "accuracy": 0.7984386089425124,
    "precision": 0.6490066225165563,
    "recall": 0.5240641711229946,
    "f1_score": 0.5798816568047337
}